,City,Cloudiness,Date,Humidity,Lat,Lng,Max Temp,Wind Speed,Country
0,punta arenas,32,1587176943,61,8.99,125.34,88.45,2.59,PH
1,upernavik,98,1587176903,90,72.79,-56.15,21.58,4.09,GL
2,mataura,35,1587176907,54,-46.19,168.86,60.01,11.99,NZ
3,lichinga,32,1587176944,71,-13.31,35.24,59.65,5.5,MZ
4,saskylakh,0,1587176923,88,71.92,114.08,8.71,4.99,RU
5,severo-kurilsk,8,1587176944,92,50.68,156.12,32.92,12.95,RU
6,sobolevo,0,1587176944,93,54.43,31.9,30.45,11.77,RU
7,yellowknife,90,1587176901,63,62.46,-114.35,28.0,9.17,CA
8,rikitea,1,1587176746,63,-23.12,-134.97,77.36,1.99,PF
9,lohja,0,1587176944,75,60.25,24.07,35.01,5.01,FI
10,beloha,0,1587176786,71,-25.17,45.05,69.04,2.3,MG
11,albany,100,1587176751,76,42.6,-73.97,41.0,3.87,US
12,bethel,90,1587176946,93,41.37,-73.41,37.0,4.7,US
13,denpasar,20,1587176666,79,-8.65,115.22,87.8,4.7,ID
14,dikson,91,1587176909,97,73.51,80.55,25.12,14.9,RU
15,tecpan,75,1587176946,83,14.76,-90.99,69.8,4.7,GT
16,sinegorye,100,1587176946,82,62.08,150.48,3.25,9.01,RU
17,longyearbyen,75,1587176904,100,78.22,15.64,28.4,9.17,SJ
18,lebu,100,1587176904,94,-37.62,-73.65,60.78,3.69,CL
19,maldonado,0,1587176946,100,-34.67,-54.92,60.01,4.7,UY
20,laguna de perlas,1,1587176947,62,38.42,-121.42,59.0,12.75,US
21,ugoofaaru,97,1587176947,74,5.67,73.0,85.51,11.86,MV
22,saint-philippe,38,1587176914,78,-21.36,55.77,71.6,9.17,RE
23,auriflama,38,1587176947,79,-20.69,-50.55,64.63,6.69,BR
24,margate,99,1587176947,96,51.38,1.39,48.0,4.0,GB
25,bengkulu,77,1587176880,68,-3.8,102.27,84.81,4.85,ID
26,port alfred,97,1587176746,61,-7.03,29.76,72.72,5.86,CD
27,kavieng,60,1587176909,71,-2.57,150.8,82.98,4.41,PG
28,muisne,100,1587176947,82,0.6,-80.03,79.02,3.2,EC
29,hermanus,84,1587176903,81,-34.42,19.23,57.99,3.0,ZA
30,roswell,1,1587176948,54,34.02,-84.36,64.4,4.7,US
31,broome,90,1587176908,92,42.25,-75.83,34.0,5.82,US
32,dancheng,100,1587176948,63,33.63,115.18,56.25,8.39,CN
33,ulagan,0,1587176948,35,50.63,87.96,43.99,1.39,RU
34,busselton,98,1587176902,41,-33.65,115.33,73.0,7.09,AU
35,kodiak,90,1587176917,76,57.79,-152.41,50.0,10.29,US
36,barrow,90,1587176910,85,71.29,-156.79,10.4,17.22,US
37,hilo,20,1587176903,51,19.73,-155.09,80.6,6.93,US
38,castro,69,1587176769,67,-24.79,-50.01,51.35,3.85,BR
39,khanewal,40,1587176949,93,30.3,71.93,66.2,10.58,PK
40,hithadhoo,10,1587176908,79,-0.6,73.08,83.88,14.45,MV
41,oranjemund,19,1587176788,93,-28.55,16.43,55.27,0.98,NA
42,tungor,100,1587176949,93,53.38,142.96,26.71,13.2,RU
43,koster,0,1587176949,50,-25.86,26.9,53.51,6.96,ZA
44,arraial do cabo,75,1587176949,77,-22.84,-46.65,62.6,16.11,BR
45,villa maria,75,1587176949,39,46.2,10.13,52.21,1.59,IT
46,bredasdorp,100,1587176903,87,-34.53,20.04,57.99,3.36,ZA
47,coihaique,20,1587176830,81,-45.58,-72.07,50.0,9.17,CL
48,provideniya,100,1587176925,95,64.38,-173.3,26.51,20.11,RU
49,souillac,75,1587176922,83,-20.52,57.52,75.2,8.05,MU
50,trairi,49,1587176950,83,-3.28,-39.27,78.04,2.89,BR
51,bluff,47,1587176747,54,-46.6,168.33,60.01,11.99,NZ
52,new norfolk,100,1587176950,92,6.65,-10.59,77.79,3.56,LR
53,sitka,75,1587176914,76,57.05,-135.33,50.0,3.36,US
54,codrington,100,1587176930,64,-38.27,141.97,58.51,7.0,AU
55,ipora,16,1587176953,80,-16.44,-51.12,68.07,6.11,BR
56,hasaki,75,1587176934,100,35.73,140.83,57.2,26.4,JP
57,norilsk,93,1587176915,80,69.35,88.2,30.2,24.61,RU
58,altamira,100,1587176906,96,-3.2,-52.21,71.76,1.95,BR
59,thompson,90,1587176752,97,55.74,-97.86,32.0,13.87,CA
60,hobart,40,1587176709,50,-42.88,147.33,55.0,14.99,AU
61,mahebourg,75,1587176933,83,-20.41,57.7,75.2,8.05,MU
62,manado,40,1587176828,66,1.49,124.85,89.6,5.82,ID
63,carnarvon,95,1587176914,74,-24.87,113.63,80.6,10.29,AU
64,atuona,84,1587176902,75,-9.8,-139.03,82.35,13.06,PF
65,katsuura,75,1587176928,93,35.13,140.3,62.6,18.34,JP
66,ilulissat,100,1587176905,79,69.22,-51.1,26.6,4.7,GL
67,matadi,98,1587176955,91,-5.82,13.45,75.33,0.81,CD
68,mandalgovi,100,1587176955,45,45.76,106.27,44.24,17.05,MN
69,ushuaia,40,1587176866,61,-54.8,-68.3,48.2,8.05,AR
70,esperance,90,1587176916,36,-33.87,121.9,77.0,19.46,AU
71,kuryk,78,1587176955,50,43.2,51.65,52.86,11.92,KZ
72,hirna,95,1587176955,58,9.22,41.1,60.84,3.58,ET
73,kargat,13,1587176955,79,55.2,80.28,45.23,9.64,RU
74,kruisfontein,72,1587176947,84,-34.0,24.73,55.69,3.2,ZA
75,morondava,0,1587176956,77,-20.28,44.28,74.7,8.81,MG
76,saint-leu,0,1587176668,78,-21.15,55.28,71.6,9.17,RE
77,aklavik,75,1587176786,80,68.22,-135.01,33.8,5.82,CA
78,vaini,20,1587176904,65,-21.2,-175.2,82.4,12.75,TO
79,pevek,23,1587176922,93,69.7,170.31,8.28,9.26,RU
80,san patricio,17,1587176945,12,13.3,-4.9,87.85,5.23,ML
81,qaanaaq,13,1587176912,80,77.48,-69.36,11.48,8.03,GL
82,cape town,31,1587176957,88,-36.41,-71.9,62.6,4.7,CL
83,pahrump,96,1587176958,46,36.21,-115.98,61.0,3.0,US
84,ribeira grande,75,1587176958,100,42.75,-8.44,53.01,6.93,ES
85,gijon,0,1587176694,94,43.54,-5.66,53.01,3.85,ES
86,davod,0,1587176958,70,45.99,18.92,48.2,3.36,HU
87,bambous virieux,75,1587176958,83,-20.26,57.41,75.2,8.05,MU
88,puerto ayora,100,1587176816,93,36.59,-6.23,61.0,3.36,ES
89,tevaitoa,100,1587176958,64,-16.78,-151.5,83.88,2.84,PF
90,faanui,100,1587176780,67,-16.48,-151.75,82.85,3.98,PF
91,flin flon,92,1587176959,71,48.5,6.66,57.2,1.12,FR
92,finnsnes,98,1587176959,96,69.23,17.98,32.0,13.87,NO
93,victoria,100,1587176766,61,22.29,114.16,81.0,5.01,HK
94,marsh harbour,97,1587176959,87,53.65,-1.81,42.01,1.01,GB
95,oktyabrskoye,100,1587176959,44,43.06,44.74,46.18,1.86,RU
96,sao joao da barra,33,1587176766,18,20.51,76.21,89.33,11.63,IN
97,bambanglipuro,4,1587176959,64,-7.95,110.28,86.27,1.57,ID
98,ozernovskiy,78,1587176959,94,51.5,156.52,31.46,9.69,RU
99,kavaratti,96,1587176918,68,10.57,72.64,84.72,3.78,IN
100,jamestown,90,1587176918,100,42.1,-79.24,32.0,5.82,US
101,sao filipe,33,1587176960,18,20.51,76.21,89.33,11.63,IN
102,ilebo,84,1587176960,85,-4.32,20.58,70.9,0.72,CD
103,dongsheng,100,1587176960,24,39.82,109.98,52.63,15.14,CN
104,savinka,71,1587176960,76,50.08,47.1,42.26,10.92,RU
105,raudeberg,23,1587176960,74,61.99,5.14,37.0,6.93,NO
106,biak,84,1587176951,70,-0.91,122.88,84.0,1.12,ID
107,moroni,0,1587176960,69,-11.7,43.26,83.35,9.33,KM
108,alofi,12,1587176666,70,-19.06,-169.92,84.2,12.75,NU
109,portland,75,1587176440,16,45.52,-122.68,73.99,6.93,US
110,pisco,3,1587176961,77,-13.7,-76.22,71.01,12.75,PE
111,cherskiy,49,1587176911,91,68.75,161.3,10.63,9.82,RU
112,bathsheba,75,1587176961,74,13.22,-59.52,78.8,17.22,BB
113,butaritari,82,1587176907,80,3.07,172.79,82.33,14.81,KI
114,onega,100,1587176961,98,63.91,38.14,31.19,15.46,RU
115,isangel,75,1587176929,70,-19.55,169.27,86.0,5.82,VU
116,nizhniy tsasuchey,100,1587176740,74,45.39,39.24,42.01,2.24,RU
117,norman wells,1,1587176962,70,35.22,-97.44,45.0,5.82,US
118,lavrentiya,100,1587176925,97,65.58,-171.0,23.23,13.22,RU
119,anton lizardo,0,1587176962,96,8.4,-80.27,82.0,11.45,PA
120,rio grande,0,1587176962,87,38.3,21.78,44.6,1.74,GR
121,nome,90,1587176916,100,64.5,-165.41,35.6,12.75,US
122,namatanai,98,1587176962,73,-3.67,152.43,83.17,7.63,PG
123,fortuna,20,1587176909,82,40.6,-124.16,59.0,9.17,US
124,havre-saint-pierre,1,1587176963,53,50.23,-63.6,24.8,6.93,CA
125,orange cove,34,1587176901,70,33.7,-117.77,61.0,3.0,US
126,avarua,10,1587176904,65,-21.21,-159.78,80.6,8.05,CK
127,tamiahua,100,1587176963,92,21.27,-97.45,78.01,10.09,MX
128,nikolskoye,75,1587176938,89,59.7,30.79,37.4,11.18,RU
129,paamiut,100,1587176964,93,61.99,-49.67,26.26,10.94,GL
130,kapaa,1,1587176902,65,22.08,-159.32,80.6,12.75,US
131,natal,40,1587176964,94,-5.79,-35.21,78.8,4.7,BR
132,qandala,30,1587176929,70,11.47,49.87,83.44,9.15,SO
133,mogzon,100,1587176964,57,51.74,111.96,39.4,15.57,RU
134,teguise,0,1587176954,77,29.06,-13.56,62.6,5.82,ES
135,alyangula,94,1587176964,52,-13.85,136.42,91.4,4.7,AU
136,port blair,97,1587176958,61,-7.03,29.76,72.72,5.86,CD
137,georgetown,20,1587176677,79,5.41,100.34,87.8,4.7,MY
138,deputatskiy,9,1587176791,82,69.3,139.9,-2.02,3.06,RU
139,vardo,100,1587176794,97,70.37,31.11,32.49,26.04,NO
140,menongue,73,1587176965,54,-14.66,17.69,62.69,3.58,AO
141,urdoma,100,1587176965,94,61.75,48.54,33.98,3.31,RU
142,paita,30,1587176965,73,-5.09,-81.11,74.71,10.76,PE
143,san cristobal,17,1587176945,12,13.3,-4.9,87.85,5.23,ML
144,kuito,100,1587176965,59,-12.38,16.93,59.61,3.58,AO
145,maroantsetra,72,1587176965,84,-15.43,49.73,72.12,1.92,MG
146,hellevoetsluis,94,1587176966,59,51.83,4.13,48.0,7.0,NL
147,cidreira,4,1587176918,87,-30.18,-50.21,64.29,2.15,BR
148,mushie,100,1587176966,86,-3.02,16.9,73.06,1.9,CD
149,husavik,0,1587176901,73,66.04,-17.34,42.8,28.86,IS
150,hailar,100,1587176934,24,49.2,119.7,60.24,12.91,CN
151,tuktoyaktuk,90,1587176757,85,69.45,-133.04,15.8,14.99,CA
152,abu dhabi,8,1587176966,25,24.6,72.7,77.11,6.85,IN
153,komsomolskiy,30,1587176967,54,40.43,71.72,59.0,4.7,UZ
154,lompoc,90,1587176910,82,34.64,-120.46,57.2,3.36,US
155,tasiilaq,73,1587176752,69,65.61,-37.64,35.6,18.34,GL
156,shenjiamen,86,1587176967,73,29.96,122.3,60.67,14.14,CN
157,olivenza,100,1587176967,87,38.68,-7.1,55.4,4.7,ES
158,taltal,14,1587176967,73,-25.4,-70.48,63.93,1.99,CL
159,cobija,0,1587176967,68,-11.03,-68.77,66.76,3.38,BO
160,tlapehuala,62,1587176968,30,18.22,-100.52,86.49,4.38,MX
161,iqaluit,75,1587176905,84,63.75,-68.51,6.8,4.7,CA
162,barreirinhas,100,1587176955,84,-2.75,-42.83,76.78,2.19,BR
163,orebro,5,1587176968,64,59.27,15.21,35.01,8.05,SE
164,koga,40,1587176968,59,33.73,130.47,62.6,18.34,JP
165,geraldton,58,1587176910,45,-28.77,114.6,82.99,3.36,AU
166,tiznit,0,1587176911,66,29.58,-9.5,55.06,0.49,MA
167,olinda,40,1587176968,94,-8.01,-34.86,78.8,3.36,BR
168,tuatapere,34,1587176951,54,-46.13,167.68,60.01,11.99,NZ
169,gorele,100,1587176969,87,41.03,39.0,50.0,1.12,TR
170,half moon bay,100,1587176969,89,6.38,-10.7,80.55,5.61,LR
171,faya,0,1587176955,87,18.39,42.45,60.8,6.93,SA
172,hambantota,99,1587176908,76,6.12,81.12,83.61,6.51,LK
173,sechura,6,1587176941,78,-5.56,-80.82,73.65,13.09,PE
174,ancud,90,1587176905,100,-41.87,-73.82,55.4,8.05,CL
175,kaitangata,96,1587176930,82,-46.28,169.85,55.99,25.01,NZ
176,saldanha,8,1587176910,81,-33.01,17.94,51.8,3.36,ZA
177,havelock,1,1587176739,63,34.88,-76.9,66.99,12.75,US
178,alice springs,90,1587176970,94,27.75,-98.07,75.2,3.36,US
179,fukue,20,1587176778,67,32.69,128.84,60.8,12.75,JP
180,pochutla,22,1587176970,77,15.74,-96.47,84.0,3.74,MX
181,pimentel,26,1587176970,83,-6.84,-79.93,71.4,12.15,PE
182,liwale,45,1587176970,85,-9.77,37.93,67.86,4.85,TZ
183,kuala krai,20,1587176970,70,3.38,98.62,86.0,4.7,ID
184,southbridge,100,1587176970,53,42.08,-72.03,43.0,3.0,US
185,kungurtug,76,1587176970,41,50.6,97.52,35.56,7.23,RU
186,saint-pierre,0,1587176756,78,-21.34,55.48,71.6,9.17,RE
187,yurginskoye,39,1587176971,63,56.82,67.39,48.29,12.64,RU
188,ponta do sol,74,1587176971,75,38.73,-28.27,56.66,12.68,PT
189,inhambane,74,1587176786,83,-23.86,35.38,75.0,7.85,MZ
190,baykit,95,1587176971,80,61.67,96.37,35.06,4.0,RU
191,praia,20,1587176957,68,14.92,-23.51,71.6,16.11,CV
192,marang,20,1587176971,74,5.21,103.21,86.0,3.36,MY
193,port lincoln,97,1587176746,61,-7.03,29.76,72.72,5.86,CD
194,tura,93,1587176962,70,25.52,90.22,77.02,5.12,IN
195,burnie,99,1587176929,63,-41.07,145.92,57.99,8.99,AU
196,salinopolis,100,1587176971,88,-0.61,-47.36,77.02,5.08,BR
197,nizhnyaya omka,99,1587176972,98,63.47,41.61,31.51,6.2,RU
198,sibolga,99,1587176802,57,1.74,98.78,87.64,2.86,ID
199,karpathos,100,1587176972,87,35.51,27.21,55.4,6.93,GR
200,joshimath,52,1587176972,22,30.57,79.57,57.2,1.36,IN
201,marathon,1,1587176972,44,44.9,-89.77,37.4,6.93,US
202,rundu,12,1587176972,77,-17.93,19.77,68.0,2.24,NA
203,chokurdakh,50,1587176910,90,70.63,147.92,-3.08,4.85,RU
204,labuhan,45,1587176916,67,-6.88,112.21,87.76,3.74,ID
205,kahului,40,1587176859,51,20.89,-156.47,82.4,20.8,US
206,nanortalik,100,1587176756,90,60.14,-45.24,28.58,14.85,GL
207,ous,100,1587176973,87,60.91,61.52,37.22,6.2,RU
208,honningsvag,97,1587176973,83,70.98,25.97,36.55,28.83,NO
209,tuy hoa,40,1587176973,59,14.02,120.73,91.0,6.93,PH
210,surt,0,1587176973,76,31.21,16.59,59.22,5.41,LY
211,shakawe,11,1587176973,44,-18.37,21.85,67.84,2.91,BW
212,tikhvin,56,1587176973,96,59.65,33.53,31.95,7.45,RU
213,beringovskiy,100,1587176924,97,63.05,179.32,20.68,23.11,RU
214,talnakh,97,1587176941,80,69.49,88.4,30.2,24.61,RU
215,kulhudhuffushi,92,1587176974,69,6.62,73.07,86.31,10.47,MV
216,east london,62,1587176775,80,65.0,-15.0,41.0,19.46,IS
217,fairbanks,90,1587176726,75,64.84,-147.72,46.0,2.42,US
218,yambio,97,1587176974,70,4.57,28.4,71.53,6.67,SS
219,salalah,40,1587176907,69,17.02,54.09,78.8,3.36,OM
220,arman,100,1587176912,95,59.7,150.17,21.06,14.14,RU
221,berlevag,100,1587176650,93,70.86,29.09,35.06,25.61,NO
222,airai,94,1587176919,52,-8.93,125.41,73.24,4.32,TL
223,salekhard,100,1587176974,98,66.53,66.6,33.01,6.44,RU
224,bunia,100,1587176974,70,1.57,30.25,63.63,0.29,CD
225,grand river south east,1,1587176701,15,38.88,-109.5,55.4,9.17,US
226,mys shmidta,100,1587176975,94,62.06,48.62,34.14,3.69,RU
227,nouadhibou,0,1587176780,88,20.93,-17.03,64.4,9.17,MR
228,heihe,20,1587176975,14,50.24,127.49,44.6,11.18,CN
229,whitianga,2,1587176975,69,-36.83,175.7,73.99,10.0,NZ
230,rajmahal,57,1587176975,60,25.05,87.83,87.08,5.86,IN
231,juneau,75,1587176767,62,58.3,-134.42,55.4,6.93,US
232,mount gambier,97,1587176976,87,53.66,-1.85,42.01,1.01,GB
233,jacqueville,20,1587176976,88,5.21,-4.41,82.4,3.36,CI
234,riviere-au-renard,5,1587176976,39,49.0,-64.4,28.4,5.82,CA
235,chuy,2,1587176761,83,-33.7,-53.46,60.62,5.37,UY
236,seshcha,9,1587176976,92,53.74,33.34,30.74,9.8,RU
237,ravar,26,1587176960,32,31.27,56.81,63.23,0.11,IR
238,vanimo,38,1587176917,65,-2.67,141.3,86.16,3.09,PG
239,moerai,100,1587176976,72,-22.43,-151.33,80.94,3.91,PF
240,songea,49,1587176976,73,-10.68,35.65,61.66,2.01,TZ
241,anstruther,90,1587176976,80,56.22,-2.7,42.8,10.29,GB
242,maripi,13,1587176976,56,5.55,-74.01,63.57,5.08,CO
243,ambon,40,1587176977,63,-3.7,128.18,91.4,4.7,ID
244,constitucion,1,1587176957,89,-35.33,-72.42,59.63,8.7,CL
245,namibe,81,1587176951,71,-15.2,12.15,73.78,5.99,AO
246,guerrero negro,100,1587176977,41,17.67,-100.0,70.86,3.02,MX
247,chicama,18,1587176952,70,-7.84,-79.15,74.14,6.2,PE
248,okhotsk,100,1587176977,92,59.38,143.3,22.78,5.7,RU
249,poum,93,1587176978,74,-20.23,164.02,79.02,8.34,NC
250,tiksi,100,1587176911,93,71.69,128.87,9.32,6.04,RU
251,mount isa,97,1587176978,87,53.66,-1.85,42.01,1.01,GB
252,odesskoye,99,1587176978,47,54.21,72.97,55.63,16.2,RU
253,leningradskiy,100,1587176623,94,69.38,178.42,11.07,10.42,RU
254,ostrovnoy,100,1587176940,98,68.05,39.51,31.59,12.8,RU
255,aswan,60,1587176978,42,24.09,32.91,66.2,9.17,EG
256,lensk,100,1587176978,85,60.73,114.93,20.28,8.57,RU
257,totness,100,1587176978,83,5.88,-56.32,79.74,11.88,SR
258,soure,100,1587176979,87,-0.72,-48.52,76.35,5.93,BR
259,port elizabeth,97,1587176958,61,-7.03,29.76,72.72,5.86,CD
260,mar del plata,5,1587176979,87,43.4,-4.01,55.0,4.54,ES
261,bonthe,100,1587176932,84,7.53,-12.51,80.01,8.81,SL
262,marsa matruh,40,1587176979,100,35.88,14.5,57.99,2.24,MT
263,mazatlan,20,1587176711,83,23.22,-106.42,73.0,8.05,MX
264,hofn,100,1587176924,83,64.25,-15.21,42.24,10.0,IS
265,mayumba,96,1587176980,84,-3.43,10.66,79.7,5.32,GA
266,ola,100,1587176980,95,59.58,151.28,23.43,17.87,RU
267,tacoronte,75,1587176765,82,28.48,-16.41,61.0,1.12,ES
268,rehoboth,29,1587176981,24,-23.32,17.08,63.61,3.38,NA
269,chinsali,60,1587176981,64,-10.54,32.08,62.28,7.96,ZM
270,clinton,90,1587176981,100,42.59,-82.92,35.01,3.36,US
271,dromolaxia,0,1587176981,59,34.88,33.59,60.8,9.17,CY
272,ramsar,20,1587176981,100,36.92,50.64,48.2,6.93,IR
273,caravelas,17,1587176940,86,-17.71,-39.25,77.63,14.45,BR
274,vila velha,90,1587176988,100,42.03,-8.16,51.8,4.7,PT
275,narsaq,69,1587176662,68,60.92,-46.05,28.4,10.29,GL
276,wilmington,100,1587176858,71,34.23,-77.94,66.99,7.0,US
277,jieshi,97,1587176923,70,22.81,115.83,79.0,3.8,CN
278,novaya zaimka,0,1587176989,91,55.92,38.33,36.0,8.95,RU
279,hobyo,30,1587176953,75,5.35,48.53,83.16,10.69,SO
280,matara,93,1587176960,75,5.95,80.54,84.11,6.64,LK
281,lima,100,1587176968,83,-12.04,-77.03,69.8,9.17,PE
282,astara,0,1587176989,100,38.5,48.67,50.0,4.7,AZ
283,alta floresta,64,1587176989,80,69.97,23.27,35.6,39.15,NO
284,belmonte,75,1587176989,94,-15.86,-38.88,73.4,3.36,BR
285,udachnyy,19,1587176962,55,66.42,112.4,6.8,4.47,RU
286,luderitz,8,1587176935,87,-26.65,15.16,53.6,2.24,NA
287,krasnoselkup,100,1587176990,98,65.7,82.47,35.85,17.87,RU
288,gouyave,20,1587176990,78,12.16,-61.73,80.6,5.82,GD
289,santa fe,24,1587176990,49,17.49,120.43,91.47,7.76,PH
290,paragominas,100,1587176990,95,-2.97,-47.48,72.5,1.81,BR
291,halifax,16,1587176688,47,44.65,-63.57,36.0,1.99,CA
292,moctezuma,64,1587176991,20,29.8,-109.67,68.99,10.6,MX
293,montemor-o-novo,46,1587176992,100,38.65,-8.21,48.0,2.66,PT
294,uusikaupunki,0,1587176992,74,60.8,21.41,35.6,6.93,FI
295,lakes entrance,90,1587176993,81,61.61,-149.31,45.0,0.89,US
296,kumano,20,1587176993,76,34.34,132.59,60.8,17.22,JP
297,vao,51,1587176993,69,-22.67,167.48,74.79,9.75,NC
298,richards bay,1,1587176993,64,46.84,-95.91,46.4,11.41,US
299,edd,22,1587176993,59,13.93,41.69,86.59,11.12,ER
300,genhe,45,1587176993,26,50.78,121.52,56.57,6.73,CN
301,san pedro,17,1587176742,12,13.3,-4.9,87.85,5.23,ML
302,asau,20,1587176993,36,46.43,26.4,64.4,10.29,RO
303,prince rupert,90,1587176993,80,52.97,-108.38,39.2,13.87,CA
304,hami,22,1587176994,19,42.8,93.45,66.67,6.11,CN
305,kendari,28,1587176994,64,-3.94,122.5,87.69,5.39,ID
306,chatrapur,0,1587176994,60,19.35,84.98,88.34,13.31,IN
307,hamilton,90,1587176918,93,39.18,-84.53,46.99,11.41,US
308,abu samrah,8,1587176885,25,24.6,72.7,77.11,6.85,IN
309,garowe,63,1587176994,65,8.41,48.48,77.9,9.66,SO
310,andenes,100,1587176994,86,69.31,16.12,37.4,9.17,NO
311,vila franca do campo,90,1587176994,100,42.03,-8.16,51.8,4.7,PT
312,angouleme,60,1587176995,93,45.65,0.15,54.0,3.36,FR
313,coquimbo,0,1587176785,93,-29.95,-71.34,57.2,4.7,CL
314,boone,47,1587176955,74,39.03,-92.33,36.0,5.82,US
315,kitgum,97,1587176995,72,3.28,32.89,67.42,2.3,UG
316,makat,96,1587176995,57,47.65,53.35,53.37,17.13,KZ
317,college,90,1587176995,70,64.86,-147.8,45.0,2.37,US
318,chuzhou,100,1587176996,62,32.32,118.3,63.0,7.61,CN
319,aksu,100,1587176996,36,41.12,80.26,61.02,5.32,CN
320,avera,1,1587176996,77,33.19,-82.53,60.8,4.7,US
321,ayagoz,10,1587176905,41,47.97,80.44,51.84,6.82,KZ
322,ambilobe,56,1587176924,74,-13.2,49.05,73.6,7.11,MG
323,singaraja,52,1587176860,70,-8.11,115.09,85.8,5.68,ID
324,touros,20,1587176901,94,-5.2,-35.46,77.0,8.28,BR
325,karratha,74,1587176650,35,-20.74,116.85,92.41,4.29,AU
326,sohbatpur,8,1587176996,48,28.52,68.54,79.18,11.79,PK
327,valverde del camino,21,1587176997,93,37.58,15.12,55.0,2.24,IT
328,skerries,75,1587176997,93,53.58,-6.11,46.99,13.87,IE
329,ambovombe,0,1587176997,77,-25.17,46.08,69.21,6.78,MG
330,banepa,20,1587176997,88,27.63,85.52,64.4,4.25,NP
331,carutapera,100,1587176997,90,-1.2,-46.02,76.77,6.82,BR
332,beni suef,100,1587176997,73,0.5,29.47,63.95,1.97,CD
333,yar-sale,100,1587176936,98,66.83,70.83,34.92,10.69,RU
334,sompeta,0,1587176997,59,18.93,84.6,89.24,13.42,IN
335,nyurba,100,1587176906,87,63.28,118.33,14.81,7.47,RU
336,awjilah,0,1587176998,61,29.11,21.29,60.3,7.94,LY
337,cockburn town,75,1587176998,42,-32.08,141.0,64.4,3.36,AU
338,tripoli,0,1587176914,66,32.88,13.19,66.52,8.19,LY
339,kilindoni,100,1587176812,76,-7.91,39.67,83.25,23.78,TZ
340,belaya gora,0,1587176998,49,49.03,25.77,39.0,5.99,UA
341,marhaura,75,1587176998,88,25.97,84.87,77.0,6.93,IN
342,tchollire,16,1587176998,17,8.4,14.17,79.93,2.24,CM
343,vostok,100,1587176999,51,46.49,135.88,48.42,2.21,RU
344,catio,38,1587176999,44,11.28,-15.25,80.91,13.31,GW
345,eydhafushi,97,1587176999,75,5.1,73.07,85.28,10.76,MV
346,nkoteng,97,1587176999,78,4.52,12.03,71.78,6.33,CM
347,zaysan,73,1587176999,36,47.47,84.87,53.56,2.8,KZ
348,bousso,16,1587176999,14,10.48,16.71,78.55,1.83,TD
349,inverness,1,1587176928,86,57.48,-4.22,36.0,1.59,GB
350,shibetsu,20,1587177000,26,43.66,145.13,59.0,11.41,JP
351,san quintin,17,1587176945,12,13.3,-4.9,87.85,5.23,ML
352,olafsvik,100,1587176959,84,64.89,-23.71,42.3,28.05,IS
353,kharp,100,1587177000,91,66.8,65.81,33.37,6.35,RU
354,mudon,92,1587177000,47,16.26,97.72,88.95,3.24,MM
355,boyolangu,19,1587177000,71,-8.12,111.89,85.19,5.39,ID
356,saint-augustin,100,1587176922,90,51.23,-58.65,23.63,9.22,CA
357,arlit,0,1587176905,13,18.74,7.39,80.11,5.23,NE
358,taoudenni,37,1587176925,23,22.68,-3.98,86.99,3.58,ML
359,zapolyarnyy,100,1587176928,97,69.42,30.81,32.0,28.86,RU
360,danane,100,1587177001,83,7.26,-8.15,75.92,3.38,CI
361,sambava,57,1587177001,85,-14.27,50.17,73.76,8.16,MG
362,naze,75,1587176764,78,28.37,129.48,71.6,8.05,JP
363,rocky mountain house,1,1587177002,65,35.16,-99.06,46.4,8.05,US
364,axim,100,1587176817,86,4.87,-2.24,80.69,9.06,GH
365,lircay,98,1587177002,29,-12.99,-74.72,45.63,1.5,PE
366,kiunga,100,1587177002,47,-6.12,141.29,95.61,1.95,PG
367,torbay,75,1587176914,63,47.67,-52.73,30.99,6.93,CA
368,miracema do tocantins,95,1587177002,88,-21.41,-42.2,67.42,1.34,BR
369,tazovskiy,100,1587176954,99,67.47,78.7,35.6,17.63,RU
370,mweka,100,1587177003,82,-4.85,21.57,68.99,0.47,CD
371,redmond,99,1587176937,37,47.67,-122.12,64.0,1.97,US
372,longkou,20,1587177003,50,37.65,120.33,58.26,8.3,CN
373,mafeteng,0,1587177003,28,-29.82,27.24,44.96,3.53,LS
374,najran,5,1587177003,68,17.49,44.13,69.8,2.24,SA
375,griffith,1,1587176918,87,41.53,-87.42,35.6,5.46,US
376,virginia beach,20,1587177004,39,37.55,-77.45,64.0,12.75,US
377,sedona,1,1587177004,29,34.87,-111.76,62.01,13.87,US
378,dingle,39,1587176885,58,11.0,122.67,89.1,13.56,PH
379,pinyug,93,1587177004,91,60.25,47.78,32.18,2.21,RU
380,sikonge,99,1587177004,69,-5.63,32.77,63.18,4.07,TZ
381,naryan-mar,99,1587177004,98,67.67,53.09,31.77,8.43,RU
382,smrzovka,26,1587177005,82,50.74,15.25,39.99,1.59,CZ
383,jardim,77,1587176937,58,-21.48,-56.14,61.16,3.13,BR
384,bandarbeyla,42,1587176948,72,9.49,50.81,81.5,6.85,SO
385,port macquarie,97,1587176746,61,-7.03,29.76,72.72,5.86,CD
386,linxia,26,1587177005,31,35.6,103.21,54.21,5.01,CN
387,gamba,100,1587177006,89,-2.65,10.0,78.73,2.82,GA
388,trincomalee,72,1587177006,72,8.57,81.23,84.54,7.11,LK
389,verkhnevilyuysk,100,1587177006,87,63.45,120.32,15.21,6.58,RU
390,sisimiut,99,1587176931,94,66.94,-53.67,23.86,7.78,GL
391,south sioux city,100,1587177006,100,64.0,-19.0,33.01,8.99,IS
392,liverpool,100,1587177006,81,53.41,-2.98,44.6,9.17,GB
393,churapcha,99,1587177006,83,62.0,132.43,15.12,9.33,RU
394,ust-kuyga,4,1587177007,85,70.02,135.6,2.03,5.86,RU
395,roma,90,1587176907,86,43.21,-75.46,35.01,5.82,US
396,tignere,10,1587177007,57,7.37,12.65,67.64,3.33,CM
397,haines junction,1,1587177007,31,59.23,-135.44,60.8,13.87,US
398,villamontes,36,1587177007,50,-21.25,-63.5,64.83,2.15,BO
399,santa isabel,24,1587176838,49,17.49,120.43,91.47,7.76,PH
400,boca do acre,100,1587177008,66,45.68,8.41,54.0,1.74,IT
401,bubaque,48,1587176961,60,11.28,-15.83,79.09,22.77,GW
402,kenai,90,1587176928,75,60.55,-151.26,46.4,3.36,US
403,mama,73,1587177008,79,58.31,112.9,27.63,7.47,RU
404,srednekolymsk,100,1587177008,92,67.45,153.68,5.32,13.04,RU
405,akureyri,13,1587177008,75,65.68,-18.09,42.8,28.86,IS
406,aginskoye,100,1587177009,41,51.1,114.53,51.58,15.55,RU
407,kailua,20,1587177009,51,21.4,-157.74,84.2,11.41,US
408,lorengau,59,1587176753,69,-2.02,147.27,84.31,3.89,PG
409,hohhot,20,1587177009,24,40.81,111.65,55.4,4.47,CN
410,hualmay,100,1587176751,78,-11.1,-77.61,70.99,6.62,PE
411,ayan,80,1587177009,80,56.45,138.17,24.91,13.67,RU
412,lagoa,58,1587176922,72,39.05,-27.98,60.37,11.7,PT
413,ruidoso,1,1587177010,34,33.33,-105.67,55.0,9.17,US
414,zhenhai,40,1587177010,61,24.26,118.09,78.8,4.47,CN
415,saurimo,100,1587176960,72,-9.66,20.39,65.59,5.14,AO
416,nizwa,0,1587177010,22,22.93,57.53,80.56,2.48,OM
417,talcahuano,90,1587177010,100,-36.72,-73.12,60.8,3.36,CL
418,porto novo,20,1587176788,100,41.15,-8.61,53.6,5.82,PT
419,high level,1,1587177011,81,33.61,-95.75,48.99,8.05,US
420,tooele,1,1587176966,45,40.53,-112.3,48.2,1.92,US
421,robore,6,1587177011,58,-18.33,-59.75,60.26,2.59,BO
422,pangnirtung,100,1587176634,88,66.15,-65.71,1.42,3.02,CA
423,kyaukse,10,1587177011,47,21.6,96.13,80.6,2.24,MM
424,moose factory,1,1587177011,51,43.66,-110.72,39.2,16.11,US
425,luwuk,87,1587177012,65,-0.95,122.79,86.88,1.36,ID
426,caborca,27,1587177012,19,30.58,-111.1,70.0,9.82,MX
427,viedma,51,1587176936,39,-40.81,-63.0,73.76,19.8,AR
428,bayan,0,1587177012,30,46.08,127.4,64.0,2.33,CN
429,ziarat,5,1587177012,30,30.38,67.73,47.48,5.14,PK
430,sumbe,98,1587177012,86,-11.21,13.84,78.4,0.78,AO
431,ust-omchug,100,1587177012,81,61.15,149.63,6.93,11.32,RU
432,bedford,99,1587176905,85,52.13,-0.47,44.01,4.0,GB
433,panama city,0,1587176719,53,9.0,-80.0,75.99,1.99,PA
434,amapa,100,1587177013,94,1.0,-52.0,72.75,0.67,BR
435,atasu,91,1587177013,38,48.68,71.64,53.76,8.01,KZ
436,keetmanshoop,0,1587177013,21,-26.58,18.13,69.8,10.29,NA
437,trapani,40,1587177013,87,37.83,12.67,59.0,3.36,IT
438,ostroleka,1,1587177013,52,53.09,21.58,28.99,4.81,PL
439,alekseyevsk,18,1587177013,72,57.84,108.35,31.73,13.94,RU
440,irtyshskiy,59,1587177013,72,58.33,68.13,47.59,9.08,RU
441,brownsville,90,1587176778,83,25.9,-97.5,79.0,8.05,US
442,san policarpo,17,1587176945,12,13.3,-4.9,87.85,5.23,ML
443,durg,0,1587177014,55,21.18,81.28,86.0,9.17,IN
444,nelson bay,1,1587177014,68,-41.28,173.28,64.0,10.0,NZ
445,agdam,45,1587177014,63,39.99,46.93,53.08,2.48,AZ
446,bull savanna,100,1587177014,90,6.2,-10.28,79.99,6.08,LR
447,waipawa,1,1587176930,67,-41.41,175.52,62.6,21.92,NZ
448,panalingaan,40,1587177014,71,8.78,117.42,84.74,4.0,PH
449,kittery,90,1587177015,44,43.09,-70.74,39.2,3.36,US
450,senador jose porfirio,34,1587177015,69,18.82,-71.9,80.6,9.17,HT
451,mnogovershinnyy,100,1587177015,89,53.94,139.92,24.76,6.35,RU
452,toora-khem,38,1587177015,45,52.47,96.11,39.49,5.41,RU
453,pabrade,0,1587177015,92,55.0,25.78,30.99,9.04,LT
454,tokonou,99,1587177016,69,9.65,-9.78,77.29,9.42,GN
455,ossora,0,1587177016,90,59.24,163.07,28.44,10.76,RU
456,pangai,20,1587177016,78,-19.8,-174.35,80.6,12.75,TO
457,baruun-urt,100,1587176927,20,46.68,113.28,60.12,24.92,MN
458,ternate,19,1587177016,75,0.8,127.4,84.51,4.18,ID
459,emborion,0,1587177016,70,40.48,21.55,52.0,5.82,GR
460,pasighat,56,1587177016,43,28.07,95.33,82.92,2.28,IN
461,maromitsa,98,1587177016,93,59.87,48.01,30.94,3.29,RU
462,petropavlovsk-kamchatskiy,0,1587177017,39,53.05,158.65,48.2,8.95,RU
463,huilong,100,1587177017,68,31.81,121.66,57.83,8.97,CN
464,banihal,100,1587177017,41,33.42,75.2,52.84,5.28,IN
465,royan,0,1587176943,93,45.63,-1.03,57.2,4.7,FR
466,suntar,100,1587177017,85,62.14,117.63,17.92,6.8,RU
467,mankera,1,1587177017,57,31.39,71.44,70.57,9.95,PK
468,inongo,70,1587177018,89,-1.95,18.27,71.22,1.77,CD
469,kloulklubed,95,1587177018,77,7.04,134.26,84.22,16.71,PW
470,wattegama,96,1587177018,64,6.8,81.48,85.53,3.04,LK
471,xuddur,24,1587177018,73,4.12,43.89,74.88,11.21,SO
472,mahon,100,1587177018,93,39.89,4.27,60.8,6.93,ES
473,marzuq,91,1587177018,50,14.4,46.47,72.21,5.23,YE
474,shahrud,4,1587176889,36,36.42,54.98,52.81,3.65,IR
475,anito,6,1587177019,67,12.45,125.29,85.68,12.8,PH
476,khatanga,0,1587176626,92,71.97,102.5,15.76,13.6,RU
477,mildura,100,1587177019,39,-34.2,142.15,64.99,8.05,AU
478,sanary-sur-mer,91,1587177019,87,43.12,5.8,55.0,5.88,FR
479,kieta,13,1587176958,69,-6.22,155.63,84.74,2.64,PG
480,karaton,20,1587177019,66,-6.34,106.1,86.0,4.7,ID
481,basoko,100,1587177020,87,1.24,23.62,71.73,1.79,CD
482,chernyshevskiy,0,1587177020,84,63.01,112.47,13.98,8.97,RU
483,flinders,0,1587176753,47,-34.58,150.86,72.0,1.01,AU
484,skjervoy,100,1587177020,93,70.03,20.97,34.14,18.5,NO
485,ponta delgada,74,1587177020,75,38.73,-28.27,56.66,12.68,PT
486,rexburg,1,1587177020,36,43.83,-111.79,48.2,11.41,US
487,porto velho,20,1587177020,100,41.15,-8.61,53.6,5.82,PT
488,russell,1,1587177021,82,32.35,-85.2,69.8,3.74,US
489,obo,100,1587177021,68,5.4,26.49,73.42,6.55,CF
490,korla,86,1587177021,33,41.76,86.15,63.27,9.51,CN
491,gorodishche,37,1587177021,74,48.8,44.47,33.8,6.71,RU
492,miracatu,43,1587177022,83,-24.28,-47.46,60.8,1.1,BR
493,daru,94,1587177022,70,-9.08,143.21,85.33,7.9,PG
494,ankazoabo,0,1587177022,69,-22.28,44.52,66.11,2.91,MG
495,zhigansk,0,1587176932,89,66.77,123.37,3.07,15.99,RU
496,traiguen,98,1587177023,88,-38.25,-72.68,63.45,0.83,CL
497,sorland,100,1587177023,94,67.67,12.69,38.82,16.13,NO
498,kazerun,0,1587177023,37,29.62,51.65,62.47,2.13,IR
499,serenje,31,1587177023,63,-13.23,30.24,60.4,6.11,ZM
500,londonderry,0,1587176762,87,55.0,-7.31,38.88,7.67,GB
501,clarence town,90,1587177024,86,42.98,-78.59,34.0,8.05,US
502,bertoua,87,1587176945,80,4.58,13.68,69.53,3.47,CM
503,seymchan,100,1587176818,87,62.88,152.43,7.47,14.63,RU
504,hannibal,1,1587177024,80,39.71,-91.36,35.6,7.38,US
505,kirakira,99,1587177024,73,-10.45,161.92,83.66,1.14,SB
506,tipperary,100,1587177024,91,52.47,-8.16,50.0,3.0,IE
507,alexandria,20,1587177024,88,31.22,29.96,62.6,8.05,EG
508,mareeba,98,1587176957,70,-17.0,145.43,89.01,1.01,AU
509,jumla,82,1587177024,27,29.27,82.18,55.71,3.2,NP
510,tilichiki,35,1587176885,91,60.47,166.1,16.02,16.84,RU
511,vilhena,77,1587177025,66,-12.74,-60.15,66.27,5.55,BR
512,chancay,100,1587177025,83,-11.57,-77.27,69.8,9.17,PE
513,klaksvik,0,1587176912,93,62.23,-6.59,39.2,10.29,FO
514,blythe,1,1587177025,23,33.61,-114.6,79.0,21.92,US
515,ahome,40,1587177025,43,25.92,-109.18,73.4,9.17,MX
516,sur,0,1587177025,75,22.57,59.53,79.23,6.15,OM
517,monroe,90,1587177026,86,43.15,-77.68,35.01,5.82,US
518,boa vista,73,1587177026,85,4.43,8.97,77.7,1.01,CM
519,rodrigues alves,31,1587177026,79,-19.7,63.42,76.5,30.36,MU
520,buala,94,1587176905,76,-8.14,159.59,82.74,5.41,SB
521,formoso do araguaia,54,1587177026,74,-14.95,-46.23,67.8,4.54,BR
522,payakumbuh,51,1587177026,55,-0.22,100.63,84.02,2.37,ID
523,ahipara,13,1587176935,75,-35.17,173.17,67.1,10.94,NZ
524,port hardy,97,1587176932,61,-7.03,29.76,72.72,5.86,CD
525,gravdal,100,1587177027,96,68.12,13.5,38.41,10.92,NO
526,puerto varas,100,1587177027,93,36.59,-6.23,59.0,3.36,ES
527,miramar,75,1587177027,74,25.99,-80.23,82.4,10.29,US
528,jinchang,100,1587177027,24,38.5,102.17,53.73,14.05,CN
529,kalabagh,2,1587177027,54,32.97,71.56,67.05,5.84,PK
530,ukhta,100,1587177027,94,63.57,53.68,34.54,6.64,RU
531,kutum,0,1587176958,20,14.2,24.67,63.99,8.37,SD
532,barguzin,83,1587177028,57,53.62,109.62,39.63,10.74,RU
533,gondar,1,1587177028,14,12.6,37.47,62.92,3.67,ET
534,magadi,40,1587177028,83,12.97,77.23,77.0,4.7,IN
